title,name_shop,image,image_header,image_icon,description,date,time,limited,capacity,cost,tag,address,contact,url_shop,url,updatedAt,createdAt,revisedAt
おむすびランチ,立ち呑みゴールデン,https://images.microcms-assets.io/assets/89b9b9bdfc6d446187f34fca29e4fe6a/bbd90d0f202c445396790aa9b96377d0/top_onigirilunch.jpg,https://images.microcms-assets.io/assets/89b9b9bdfc6d446187f34fca29e4fe6a/56424ff6b65b40c0bcd63f83a3e6ec1f/hed_golden2.jpg,https://images.microcms-assets.io/assets/89b9b9bdfc6d446187f34fca29e4fe6a/d3a76e94128a4240ac2101bc6ed3c2e4/icon_golden.jpg,"<p><span style=""color:#000000"">大きめのおむすび1つと味噌汁・漬物・一品のセットで550円〜。自家焙煎コーヒーもランチセットで無料です。</span><br><br><span style=""color:#000000"">おむすびランチのみですが、色んな具材を楽しんでほしいです。(おにぎり)5月は14種をラインナップ、その時のオススメも有り。</span><br><span style=""color:#000000"">おむすびのテイクアウト可能です</span><br><br><span style=""color:#000000"">地元鯖江産のコシヒカリ、沖縄県産の粟国の塩を使用しています。</span></p>",毎日（日曜日休み）,ランチ12時から14時・夜営業16時〜22時30分,,,,"shopping",鯖江市本町2丁目1-8,080-9781-5610,,https://sabapura.com/event/golden,2021-05-21T07:57:43.075Z,2021-05-13T07:23:24.689Z,2021-05-21T07:57:43.075Z
メガネの材料を使ったワークショップ,鯖江駅眼鏡,https://images.microcms-assets.io/assets/89b9b9bdfc6d446187f34fca29e4fe6a/088686f312374fec99ce4d8c5f6b0ee2/top_sumahostand.jpg,https://images.microcms-assets.io/assets/89b9b9bdfc6d446187f34fca29e4fe6a/6bc9f03a5b344747a4fa7d5f47bf9c23/hed_sabaeekimegane1.jpg,https://images.microcms-assets.io/assets/89b9b9bdfc6d446187f34fca29e4fe6a/ecb43cf9cb3344a0b3a0f311c5291444/icon_sabaeekimegane.jpg,"<p><span style=""color:#000000"">メガネの材料の１つ「アセテート」生地を使った、ワークショップを随時開催。</span><br><span style=""color:#000000"">お好みのカラーを組み合わせて作る、自分だけのオリジナルスマホスタンド作りが人気です。</span><br><br><span style=""color:#000000"">鯖江駅眼鏡限定メガネも販売中です！</span></p>",毎日,10:00～18:30,,,600円,"workshop",鯖江市日の出町1-2,0778-62-7507,,https://sabapura.com/event/sabaeekimegane,2021-05-24T02:36:09.874Z,2021-05-13T07:26:01.962Z,2021-05-21T07:59:42.051Z
発酵ドリンクスタンド,久保田酒店,https://images.microcms-assets.io/assets/89b9b9bdfc6d446187f34fca29e4fe6a/75e5abe281d24b99b4de1469a8084fc6/top_ichigokouji.jpg,https://images.microcms-assets.io/assets/89b9b9bdfc6d446187f34fca29e4fe6a/0a7e9406c41d47ad951e43c8d8e1dbae/hed_kubotasake1.jpg,https://images.microcms-assets.io/assets/89b9b9bdfc6d446187f34fca29e4fe6a/731cbe97eb894a88807bc75334ad6a09/icon_kubota.jpg,"<p><span style=""color:#000000"">発酵をテーマにお酒屋さんがつくる、ノンアルコールのドリンクスタンドです。</span><br><br><span style=""color:#000000"">●糀ドリンクスムージー（ノンシュガー）</span><br><span style=""color:#000000"">●無農薬しまなみレモンの糀レモネード（hot&#x2F;cold）</span><br><br>&gt;&gt;新メニュー<br><span style=""color:#000000"">●糀スムージー（いちご）</span><br><span style=""color:#000000"">かき混ぜながら、味変をお楽しみください☆</span><br><br><span style=""color:#000000"">優しい甘さの飲み物でほっこり一息、まち歩き中に気軽にお立ち寄りください。</span></p>",5月22日,10時～17時,,,店頭にて,"shopping",鯖江市旭町1丁目1-4,0778-51-0252,https://www.kubotasaketen.jp,https://sabapura.com/event/kubotasaketen,2021-05-21T07:58:35.249Z,2021-04-08T09:49:57.196Z,2021-05-21T07:58:35.249Z
JWティーお茶会,Gallery LOOK,https://images.microcms-assets.io/assets/89b9b9bdfc6d446187f34fca29e4fe6a/207421867e0f4ccdb643dbfdda14727b/LOOK%E3%81%95%E3%82%935%E6%9C%88.jpg,https://images.microcms-assets.io/assets/89b9b9bdfc6d446187f34fca29e4fe6a/56628d2c27af4cab91329e7029f690fb/hed_look1.jpg,https://images.microcms-assets.io/assets/89b9b9bdfc6d446187f34fca29e4fe6a/86b17d509c4b46dea9478f7aa1d2d528/icon_look.jpg,"<p><span style=""color:#000000"">今月はシェアスペースにてJWティーお茶会を開催します。</span><br><br><span style=""color:#000000"">JWティー...世界７０カ国以上で40年以上愛され、数千万人が愛飲しているハーブティーです。</span><br><span style=""color:#000000"">紀元前より世界３大陸で使われてきたハーブをブレンドした奇跡のハーブティーをご紹介します。</span><br><span style=""color:#000000"">また紅茶を使ったお料理レシピも伝授します。</span><br><br><span style=""color:#000000"">家でも仕事場でもないもう一つの場所</span><br><span style=""color:#000000"">待ち合わせ場所や、おしゃべり、情報交換の場としてLOOKをご利用ください。</span></p>",5月17日（月）、27日（木）,午前の部　10:30〜12:00、午後の部　13:30〜15:00,"定員",各5人,500円（お茶・お菓子付き）,"workshop",鯖江市本町1丁目2-15（不定期OPEN）,090-8966-9855,,https://sabapura.com/event/gallery-look,2021-05-21T07:58:56.631Z,2021-04-01T03:12:32.628Z,2021-05-21T07:58:56.631Z
舟津神社,舟津神社,https://images.microcms-assets.io/assets/89b9b9bdfc6d446187f34fca29e4fe6a/500c00dd67c64af4ae2c5968c07b372d/top_funatsujinjya.jpg,,,,,,,,,"history",,,https://www.city.sabae.fukui.jp/kanko/sightseeing/funazu.html,https://sabapura.com/event/funazujinjya,2021-05-21T07:59:15.096Z,2021-03-30T07:03:45.625Z,2021-05-21T07:59:15.096Z
マスクチャーム作りワークショップ,Hana道場,https://images.microcms-assets.io/assets/89b9b9bdfc6d446187f34fca29e4fe6a/9edced7343fa45b6b6c5224c0e3ea995/top_masktyamu.jpg,https://images.microcms-assets.io/assets/89b9b9bdfc6d446187f34fca29e4fe6a/e8bb0e932ed445fe9d0313ab33a0e0f5/hed_hana1.jpg,https://images.microcms-assets.io/assets/89b9b9bdfc6d446187f34fca29e4fe6a/4ec34364261b45b7ba67974bc670071b/icon_hana.jpg,<p>＊マスクチャームづくりワークショップ＊<br><br>耳元でゆらゆら揺れるマスクチャーム。<br>まるでイヤリングをしているかのような、可愛らしいマスクチャームを作ってみませんか？<br>材料の中から作りたいアクセサリーを選んでいただき、好きなデザインのマスクチャームを作ります。<br>耳元で揺れるアクセサリーが、普段のマスク生活を彩ってくれます。</p>,6月13日,14:00~15:30,"定員",8名,2000円（マスク代、材料費込み） 2つ目以降は追加料金1000円でできます。,"workshop",鯖江市旭町1−6−6,080-3048-0087,https://hanadojo.com,https://sabapura.com/event/hanadojo-3,2021-05-21T08:10:21.771Z,2021-03-26T06:40:54.206Z,2021-05-21T08:10:21.771Z
食器でいけ花ワークショップ,きものサロンまるよ,https://images.microcms-assets.io/assets/89b9b9bdfc6d446187f34fca29e4fe6a/25d63d0be41943eb87f3dfaed10012c0/maruyo6%E6%9C%88.jpg,https://images.microcms-assets.io/assets/89b9b9bdfc6d446187f34fca29e4fe6a/12c64f8bd6f144399c6f20cb03c933c4/hed_maruyo1.jpg,https://images.microcms-assets.io/assets/89b9b9bdfc6d446187f34fca29e4fe6a/604757b6b32541ed8012e8ff0ae32bf7/icon_maruyo.jpg,"<p><span style=""color:#000000"">キッチンでいけ花しませんか？</span><br><span style=""color:#000000"">台所にある食器と、アルミワイヤーを使って、簡単、楽しいいけ花してみましょう。</span><br><span style=""color:#000000"">お花は野の草花でも、なんでもOK。</span><br><span style=""color:#000000"">お花があると、お部屋が明るくなりますよ♪</span><br><br><span style=""color:#000000"">お花、アルミワイヤーはご用意しますので、器はご持参ください。</span><br><span style=""color:#000000"">貸与も可能ですので、おうちに帰ってご自身のお気に入り器に生けなおしてみてください。</span></p>",6月19日,10時～11時30分,"定員",6名,2000円,"workshop",鯖江市本町2-1-20,0778-51-0236,https://sabae-mamama.com/prolist/%e5%80%89%e6%a9%8b%e3%80%80%e7%a5%a5%e5%ad%90/,https://sabapura.com/event/maruyo,2021-05-24T04:55:37.611Z,2021-03-30T07:31:21.971Z,2021-05-24T04:55:37.611Z
車の道場（上野別堂）,車の道場（上野別堂）,https://images.microcms-assets.io/assets/89b9b9bdfc6d446187f34fca29e4fe6a/05d355d03bbf4e01a028b80cd53ce7b2/top_kumanodojo.jpg,,,,,,,,,"history",,,https://www.city.sabae.fukui.jp/kanko/sightseeing/kurumanodojyo.html,https://sabapura.com/event/kurumanodojyo,2021-05-21T08:11:10.573Z,2021-05-06T06:42:34.266Z,2021-05-21T08:11:10.573Z
緑と暮らそう,富士書店,https://images.microcms-assets.io/assets/89b9b9bdfc6d446187f34fca29e4fe6a/594bdb24fa0d4e7aafa963a590238311/top_syokubutu.jpg,https://images.microcms-assets.io/assets/89b9b9bdfc6d446187f34fca29e4fe6a/57741a13fcf847c281f7e24b8dd43c0e/hed_fujisyoten2.jpg,https://images.microcms-assets.io/assets/89b9b9bdfc6d446187f34fca29e4fe6a/ecfe198ff8bf48cba5bdaee2f4c01d23/icon_fujisyoten.jpg,"<p><span style=""color:#000000"">相性がいい 、本と植物。</span><br><span style=""color:#000000"">富士書店では、植物の本コーナーをご用意しております。</span><br><span style=""color:#000000"">珍奇・男前植物から、雑草、お花の本まで…</span><br><br><span style=""color:#000000"">5月13日（木）の富士商店には、</span><br><span style=""color:#000000"">越前市の植物屋さん、grow labが出店。</span><br><span style=""color:#000000"">暮らしの中にグリーンを取り入れてみませんか？</span><br><br><span style=""color:#000000"">5月の富士商店は</span><br><span style=""color:#000000"">13日（木）20日（木）21（金）</span><br><span style=""color:#000000"">27日（木）28（金）です。</span><br><span style=""color:#000000"">今回も色々な「商店」が富士書店にやってきます。お楽しみに…</span></p>",5月13日、20日、21日、27日、28日,12時～18時（富士商店の日は17時）,"定員",出入り自由,,"shopping",鯖江市本町1-1-20,090-3887-1388,https://fujisyoten.storeinfo.jp/,https://sabapura.com/event/fujisyoten,2021-05-21T08:11:25.296Z,2021-03-31T07:00:46.178Z,2021-05-21T08:11:25.296Z
本山 誠照寺,本山 誠照寺,https://images.microcms-assets.io/assets/89b9b9bdfc6d446187f34fca29e4fe6a/f4823ea021a44bb7ad217a861aa3ff63/top_jyosyoji.jpg,,,,,,,,,"history",,,https://www.city.sabae.fukui.jp/kanko/sightseeing/jyousyouji.html,https://sabapura.com/event/jyosyoji,2021-05-21T08:11:40.329Z,2021-03-30T06:45:31.903Z,2021-05-21T08:11:40.329Z
レトロなお弁当箱,サイトカナモノ,https://images.microcms-assets.io/assets/89b9b9bdfc6d446187f34fca29e4fe6a/360e5a2054e5453dab1bb96be82354cf/top_bentobako.jpg,https://images.microcms-assets.io/assets/89b9b9bdfc6d446187f34fca29e4fe6a/166f720aa6aa4a7082b32f88fed50502/hed_saitokanamono1.jpg,https://images.microcms-assets.io/assets/89b9b9bdfc6d446187f34fca29e4fe6a/0bf47b26176a42f088cec5e7cea15555/icon_saitokanamono.jpg,<p>アルミでできた昔ながらのお弁当箱。<br>レトロ感がとてもかわいくて人気です。<br></p>,毎日（定休日：日曜）,7時30分～18時30分,"定員",,店頭にて,"shopping",鯖江市本町3丁目1-2,0778-51-0051,https://saito-kanamono.com/,https://sabapura.com/event/saito-kanamono,2021-05-21T08:11:57.503Z,2021-03-30T07:38:43.607Z,2021-05-21T08:11:57.503Z
国産牛のステーキ重,ミート＆デリカささき,https://images.microcms-assets.io/assets/89b9b9bdfc6d446187f34fca29e4fe6a/79605005d97249269cc3de5074d12e87/top_stekidon.jpg,https://images.microcms-assets.io/assets/89b9b9bdfc6d446187f34fca29e4fe6a/c5705ffbef26419fbc6c0711311150b6/hed_sasakimeat1.jpg,https://images.microcms-assets.io/assets/89b9b9bdfc6d446187f34fca29e4fe6a/14a7a945a18d45e2924529ccadc973dd/icon_sasaki.jpg,"<p><span style=""color:#000000"">当店の人気のお弁当のひとつで、お肉屋さんが厳選した国産牛のもも肉を使用しております。</span><br><span style=""color:#000000"">また、ご飯は福井県産コシヒカリにこだわり、ステーキソースは手作りのオリジナルソースです。</span><br><br><span style=""color:#000000"">この機会に是非お立ち寄り下さいませ。</span></p>",毎日（定休日：日曜）,10時～19時,,,店頭にて,"shopping",鯖江市本町3-1-5,0778-52-4129,https://www.meat-sasaki.com,https://sabapura.com/event/meat-sasaki,2021-05-24T02:36:42.450Z,2021-04-06T04:58:18.174Z,2021-05-21T08:15:06.559Z
タイ古式マッサージ,アジアンリラックス ワイテァ,https://images.microcms-assets.io/assets/89b9b9bdfc6d446187f34fca29e4fe6a/320c218056d4488abae968a05f5eaf77/%E3%83%AF%E3%82%A4%E3%83%86%E3%82%A3%E3%82%A25%E6%9C%88.jpg,https://images.microcms-assets.io/assets/89b9b9bdfc6d446187f34fca29e4fe6a/f6c382e2aedf4269b94a2742a6d56d95/hed_waitea1.jpg,https://images.microcms-assets.io/assets/89b9b9bdfc6d446187f34fca29e4fe6a/eff39d99245f4c9b9e1f6823b0738269/icon_waitea.jpg,<p>世界一気持ちがいいと言われるタイ古式マッサージ。<br><br>独自のストレッチと気持ちいい指圧、ゆったりしたリズムが体を芯から緩めます。<br>乱れた自律神経や疲れた心にもそっと手を差し伸べてくれます。<br></p>,毎日,10時～22時 （最終受付 21時）,,,,"shopping",鯖江市日の出町1-10,0778-67-2098,https://asian-relax.fukui.jp/,https://sabapura.com/event/asian-relax-fukui,2021-05-21T08:12:12.753Z,2021-04-13T05:53:58.276Z,2021-05-21T08:12:12.753Z
日本料理の板前がつくる パフェセット,料亭 中松,https://images.microcms-assets.io/assets/89b9b9bdfc6d446187f34fca29e4fe6a/8c5e4a98875a4857b54cdbfc85d9bef0/top_parfait.jpg,https://images.microcms-assets.io/assets/89b9b9bdfc6d446187f34fca29e4fe6a/f2584814956648a3b6695b830bbb4358/hed_nakamatsu1.jpg,https://images.microcms-assets.io/assets/89b9b9bdfc6d446187f34fca29e4fe6a/a6245606577244ed95c7cc12feb84955/icon_nakamatsu.jpg,"<p><span style=""color:#000000"">期間中、お料理にミニパフェとコーヒーor和紅茶がセットでつきます。</span><br><span style=""color:#000000"">コーヒーは、エルザスコーヒーさん監修のコーヒーで中松オリジナルです。</span><br><span style=""color:#000000"">※お食事は要予約※</span></p>",5月17日〜5月23日,ランチ11時半〜14時半／ディナー17時半〜21時ラストオーダー,"定員",,店頭にて,"shopping",鯖江市旭町1-5-3,0778-51-0403,https://www.nakamatu.com,https://sabapura.com/event/nakamatu,2021-05-21T08:12:28.464Z,2021-04-06T05:31:19.797Z,2021-05-21T08:12:28.464Z
オリジナルメッセージ入りボールペン,ニシザワ紙文具,https://images.microcms-assets.io/assets/89b9b9bdfc6d446187f34fca29e4fe6a/4b49b34524f64cb6a1db3568eed1b220/top_penmessage.jpg,https://images.microcms-assets.io/assets/89b9b9bdfc6d446187f34fca29e4fe6a/dd8d7556696d4d66872992ae1585be3e/hed_nisizawa1.jpg,https://images.microcms-assets.io/assets/89b9b9bdfc6d446187f34fca29e4fe6a/8357f39cc9334162bb56273864466295/icon_nishizawa.jpg,"<p><span style=""color:#000000"">今年もやります！現在1番人気のボールペン、ゼブラさんのブレンにメッセージを入れてパパにプレゼントしよう。</span><br><span style=""color:#000000"">注文後2日〜3日で完成、受け渡しとなります。</span></p>",最終受付6月17日,10時〜19時,"定員",,300円又は500円,"shopping",鯖江市旭町1-6-10,0778-51-2430,http://www.2430bungu.co.jp/,https://sabapura.com/event/2430bungu,2021-05-24T02:36:33.538Z,2021-04-08T09:34:54.108Z,2021-05-21T08:14:51.650Z
6/20 父の日ギフト,フラワーショップhanahiro,https://images.microcms-assets.io/assets/89b9b9bdfc6d446187f34fca29e4fe6a/9e9edac3fad44840b6ddabec7be52a75/top_titinohi.jpg,https://images.microcms-assets.io/assets/89b9b9bdfc6d446187f34fca29e4fe6a/f2f461b82a2649f780f89c3e352264db/hed_manahiro1.jpg,https://images.microcms-assets.io/assets/89b9b9bdfc6d446187f34fca29e4fe6a/dceded3f38be43c3a00cc45be098a74d/icon_hanahiro.jpg,"<p><span style=""color:#000000"">フラワーショップ花ひろ</span><br><span style=""color:#000000"">サボテン・多肉植物・観葉植物が男性にも大人気！</span><br><span style=""color:#000000"">癒しの植物を贈りませんか？</span></p>",5月10日〜6月20日,9時〜19時,,,店頭にて,"shopping",鯖江市旭町1-6-12,0778-52-4187,https://www.hanahiro1953.com/,https://sabapura.com/event/hanahiro,2021-05-21T08:12:44.108Z,2021-04-08T08:06:26.564Z,2021-05-21T08:12:44.108Z
恵美写真館洋館,恵美写真館洋館,https://images.microcms-assets.io/assets/89b9b9bdfc6d446187f34fca29e4fe6a/5822d5287e1149998d338879e8135d74/top_emi.jpg,,,,,,,,,"history",,,https://www.city.sabae.fukui.jp/kanko/sightseeing/emisyasinkan.html,https://sabapura.com/event/emisyasinkan,2021-05-21T08:13:00.651Z,2021-04-08T03:08:29.615Z,2021-05-21T08:13:00.651Z
松阜神社,松阜神社,https://images.microcms-assets.io/assets/89b9b9bdfc6d446187f34fca29e4fe6a/6624237812a64a75a728ac8bef6bae3e/top_matsuokajinjya.jpg,,,,,,,,,"history",,,https://www.city.sabae.fukui.jp/kanko/sightseeing/matsuoka.html,https://sabapura.com/event/matsuokajinjya,2021-05-21T08:13:17.177Z,2021-03-30T06:13:40.627Z,2021-05-21T08:13:17.177Z
わらび餅,昭和堂,https://images.microcms-assets.io/assets/89b9b9bdfc6d446187f34fca29e4fe6a/1434ccfc8e044bdd9b799dc56b7de285/top_warabimoti.jpg,https://images.microcms-assets.io/assets/89b9b9bdfc6d446187f34fca29e4fe6a/779fb804620b451cbd08b1469c406f61/hed_syowado1.jpg,https://images.microcms-assets.io/assets/89b9b9bdfc6d446187f34fca29e4fe6a/1d13c00c3397416fa5e977984294a888/icon_syowado.jpg,"<p><span style=""color:#000000"">ぷるんと瑞々しい食感と、香ばしいきなこのわらび餅</span><br><span style=""color:#000000"">GWの頃には待ちわびてるお客様も多く、当店の人気商品の１つです</span><br><span style=""color:#000000"">どうぞ、ご賞味ください（期間限定）</span></p>",毎日（定休日：火曜）,9時〜19時,,,店頭にて,"shopping",鯖江市本町1-1-21,0778-51-0458,,https://sabapura.com/event/syowado,2021-05-21T08:13:31.249Z,2021-04-08T09:31:02.568Z,2021-05-21T08:13:31.249Z
へしこ丼とへしこおにぎり,天喰家,https://images.microcms-assets.io/assets/89b9b9bdfc6d446187f34fca29e4fe6a/0ad9902d679c4702b34873c676161904/top_tennkuu.jpg,https://images.microcms-assets.io/assets/89b9b9bdfc6d446187f34fca29e4fe6a/bb8bde16f9114197a20604ce4597f2c7/hed_tennkuu1.jpg,https://images.microcms-assets.io/assets/89b9b9bdfc6d446187f34fca29e4fe6a/783642349edf40fbb18a2b1d4aa2ea35/icon_tenkuya.jpg,"<p><span style=""color:#000000"">営業時間内でしたらへしこおにぎり、へしこ丼はご来店テイクアウト可能です。数が多い場合はあらかじめご連絡下さい。</span><br><span style=""color:#000000"">他お弁当オードブルお刺身盛りなど、お昼のご予約も承っております。（配達可）※事前予約必要</span><br><br><span style=""color:#000000"">店内個室もありますので、ご家族、友人、接待、などでもご利用頂けます。カウンターや小上がりのテーブル席もありますので居酒屋デビューにいかがでしょうか。</span></p>",毎日（定休日：毎週水曜）,18時〜23時,,,店頭にて,"shopping",鯖江市旭町1-8-1-1,0778-52-6424,,https://sabapura.com/event/tenkuya,2021-05-21T08:13:49.121Z,2021-04-08T09:27:23.296Z,2021-05-21T08:13:49.121Z
地蔵橋,地蔵橋,https://images.microcms-assets.io/assets/89b9b9bdfc6d446187f34fca29e4fe6a/4a282d9ddcb5441e9a21811a13a14dd6/top_jizobashi.jpg,,,,,,,,,"history",,,https://www.city.sabae.fukui.jp/kanko/sightseeing/zizoubashi.html,https://sabapura.com/event/zizoubashi,2021-05-21T08:14:03.314Z,2021-03-30T07:09:20.729Z,2021-05-21T08:14:03.314Z
春のおすすめ食材,旬亭まつや,https://images.microcms-assets.io/assets/89b9b9bdfc6d446187f34fca29e4fe6a/3534b245d4f04bc3b2002ae4848b2890/top_sakana.jpg,https://images.microcms-assets.io/assets/89b9b9bdfc6d446187f34fca29e4fe6a/2a91c2c0d02848cab6718e33eea96507/hed_matsuya1.jpg,https://images.microcms-assets.io/assets/89b9b9bdfc6d446187f34fca29e4fe6a/347e1d81668f4c1da17e7cac647eb254/icon_matsuya.jpg,"<p><span style=""color:#000000"">晩春から初夏にかけて様々な旬の食材をご用意しております。</span></p>",毎日（定休日は日曜日、第2日曜日の翌日）,17時30分〜22時　(ラストオーダー21時),,,店頭にて,"shopping",福井県鯖江市本町1丁目1-16,0778-52-1414,https://www.city.sabae.fukui.jp/kanko/gourmet/matsuya.html,https://sabapura.com/event/matsuya,2021-05-21T08:14:26.118Z,2021-03-30T05:10:58.345Z,2021-05-21T08:14:26.118Z
大納言とクルミのスコーン限定販売,エルザスコーヒー,https://images.microcms-assets.io/assets/89b9b9bdfc6d446187f34fca29e4fe6a/b70598331e4e449690afea55bee6deb4/top_dainagonscone.jpg,https://images.microcms-assets.io/assets/89b9b9bdfc6d446187f34fca29e4fe6a/11c5d6808eb842f98e30df354f8e6c0b/hed_elsass2.jpg,https://images.microcms-assets.io/assets/89b9b9bdfc6d446187f34fca29e4fe6a/057807d465714016aeb8a1d5f73ad9cf/icon_eelsass.jpg,"<p><span style=""color:#000000"">大納言小豆とクルミ、きなこが入ったスコーンを限定販売。</span></p>",5月22日,11時～18時,,,店頭にて,"shopping",鯖江市本町2-1-20,0778-51-0236,https://www.city.sabae.fukui.jp/kanko/gourmet/elsass.html,https://sabapura.com/event/elsass-coffee,2021-05-24T02:37:18.390Z,2021-03-30T07:46:53.466Z,2021-05-21T07:58:14.287Z
植田家長屋門,植田家長屋門,https://images.microcms-assets.io/assets/89b9b9bdfc6d446187f34fca29e4fe6a/088702b23a92474da9bb8e13252a57af/top_uedatei.jpg,,,,,,,,,"history",,,https://www.city.sabae.fukui.jp/kanko/sightseeing/uedake.html,https://sabapura.com/event/uedake,2021-05-21T08:14:37.842Z,2021-03-30T06:39:41.134Z,2021-05-21T08:14:37.842Z
王山古墳群,王山古墳群,https://images.microcms-assets.io/assets/89b9b9bdfc6d446187f34fca29e4fe6a/7630316bf46e4d8e9153a7c567bf783a/top_ozan.jpg,,,,,,,,,"history",,,https://www.city.sabae.fukui.jp/kanko/sightseeing/ozankohun.html,https://sabapura.com/event/ozankohun,2021-04-06T03:10:37.296Z,2021-03-30T06:48:35.262Z,2021-03-31T04:01:51.732Z