name_shop,geo3x3
きものサロンまるよ,E91387322936977
フラワーショップhanahiro,E9138732293396
久保田酒店,E91387323478188
舟津神社,E9138732344159
富士書店,E91387322699884
Hana道場,E91387322933611
本山 誠照寺,E913873229379
アジアンリラックス ワイテァ,E91387323473757
サイトカナモノ,E91387322939257
恵美写真館洋館,E91387322939618
エルザスコーヒー,E91387322936265
松阜神社,E9138732371213
Gallery LOOK,E91387322933882
昭和堂,E91387322699881
天喰家,E91387322699861
旬亭まつや,E91387322933271
植田家長屋門,E91387323711595
ニシザワ紙文具,E9138732293394
ミート＆デリカささき,E91387322939171
地蔵橋,E91387322969718
料亭 中松,E91387323711269
王山古墳群,E91387322665